DC_Identifier_LocalID,permalink
1,https://digital.library.wisc.edu/1711.dl/XHBI44SEL6H5C8T
2,https://digital.library.wisc.edu/1711.dl/KAOR4SKD4TYYP8X
3,https://digital.library.wisc.edu/1711.dl/PZEHB5RIHRN6A8T
4,https://digital.library.wisc.edu/1711.dl/KS3EZ3ZESKWVS9E
5,https://digital.library.wisc.edu/1711.dl/R6PNZGR75UBXI8A
6,https://digital.library.wisc.edu/1711.dl/D6TPLB4DIPXQF8J
7,https://digital.library.wisc.edu/1711.dl/PYWBT5MYZUKY38C
8,https://digital.library.wisc.edu/1711.dl/AF3Q3BS55QZI58K
9,https://digital.library.wisc.edu/1711.dl/2TR27JCSVICIS8X
10,https://digital.library.wisc.edu/1711.dl/6HDNM2X7XAJHE8Z
11,https://digital.library.wisc.edu/1711.dl/7JJUMQJT6SJWO8F
12,https://digital.library.wisc.edu/1711.dl/XU4RYLBFXULD69B
13,https://digital.library.wisc.edu/1711.dl/UIKD4ABUQLB3L8H
14,https://digital.library.wisc.edu/1711.dl/QAWOOWKX3EYPT8O
15,https://digital.library.wisc.edu/1711.dl/U4HZACVKJ7GFX87
16,https://digital.library.wisc.edu/1711.dl/OCJEWR4JPISPL8T
17,https://digital.library.wisc.edu/1711.dl/MH7QFPEBMIWIV8X
18,https://digital.library.wisc.edu/1711.dl/N6A3PWXE44LQE9D
19,https://digital.library.wisc.edu/1711.dl/53XZY3CRNQ4P78C
20,https://digital.library.wisc.edu/1711.dl/MYQMKLIK6QOTM8H
21,https://digital.library.wisc.edu/1711.dl/QHJROR6EBRQHV86
22,https://digital.library.wisc.edu/1711.dl/AM3L7LILM6C3U8L
23,https://digital.library.wisc.edu/1711.dl/ZWHSQX4TM6WNG8V
24,https://digital.library.wisc.edu/1711.dl/IGFJV2PYIPOUZ8Q
25,https://digital.library.wisc.edu/1711.dl/FJVT5G42CPHOW8D
26,https://digital.library.wisc.edu/1711.dl/RB6BVRO5QAE7V8D
27,https://digital.library.wisc.edu/1711.dl/TMCZ7BINC4KS68E
28,https://digital.library.wisc.edu/1711.dl/E7XK7OVDLUHGN8S
29,https://digital.library.wisc.edu/1711.dl/GGBMVPIQICDHB8E
30,https://digital.library.wisc.edu/1711.dl/YZJFSM436O5OI87
31,https://digital.library.wisc.edu/1711.dl/DJUVPXU3TEIGW8W
32,https://digital.library.wisc.edu/1711.dl/6AEEG5YMI24H38K
33,https://digital.library.wisc.edu/1711.dl/T4SLQ2MZTSWJX84
34,https://digital.library.wisc.edu/1711.dl/XQYBN6RJXEVFO85
35,https://digital.library.wisc.edu/1711.dl/7ZWKNWWYTXXRA9C
36,https://digital.library.wisc.edu/1711.dl/F6R6UP5RQ2WHS83
37,https://digital.library.wisc.edu/1711.dl/4K2S5VW6KTEPI84
38,https://digital.library.wisc.edu/1711.dl/OXKTQD667YLCI8C
39,https://digital.library.wisc.edu/1711.dl/VAPWNLUMQKFYP8I
40,https://digital.library.wisc.edu/1711.dl/VCHDQNIS6ULP28I
41,https://digital.library.wisc.edu/1711.dl/N6BHAMBXQKU4G8Y
42,https://digital.library.wisc.edu/1711.dl/GCPK3OVI34TG68R
43,https://digital.library.wisc.edu/1711.dl/CSYOUNKL4GYMU8C
44,https://digital.library.wisc.edu/1711.dl/QHTUZKYNZ6CPG8X
45,https://digital.library.wisc.edu/1711.dl/GWXLEVINIE4BX8Q
46,https://digital.library.wisc.edu/1711.dl/OUWAXHVXSXR6E8I
47,https://digital.library.wisc.edu/1711.dl/TY46VZTIWR57E8V
48,https://digital.library.wisc.edu/1711.dl/GT4ZHP4R6Z2DR8J
49,https://digital.library.wisc.edu/1711.dl/ZWFLDSSZ3QT4J8O
50,https://digital.library.wisc.edu/1711.dl/OUJ37W5Y2VHGY8A
51,https://digital.library.wisc.edu/1711.dl/4MPMRRYW5V7YT8Z
52,https://digital.library.wisc.edu/1711.dl/N7TF7ZO6TWCQW8V
53,https://digital.library.wisc.edu/1711.dl/AJBH4CEGRXQCG8N
54,https://digital.library.wisc.edu/1711.dl/FZMDK3NWFYP768S
55,https://digital.library.wisc.edu/1711.dl/C3OHLSBOKGCZK8L
56,https://digital.library.wisc.edu/1711.dl/TUTD56MSP7Y4J86
57,https://digital.library.wisc.edu/1711.dl/YHKTVNH7L4QU78J
58,https://digital.library.wisc.edu/1711.dl/ISCMDS2YV2E6Z9C
59,https://digital.library.wisc.edu/1711.dl/EHDCTQYFNY5AR9E
60,https://digital.library.wisc.edu/1711.dl/RIQYMNL52LHGF9D
61,https://digital.library.wisc.edu/1711.dl/J7G5SVHXEPAC58U
62,https://digital.library.wisc.edu/1711.dl/X3RENUZER6RWF8Z
63,https://digital.library.wisc.edu/1711.dl/5FIBIUWLQDSZS8G
64,https://digital.library.wisc.edu/1711.dl/V5CFHKG7AYATZ8Z
65,https://digital.library.wisc.edu/1711.dl/VUE46D6LKZTUO87
66,https://digital.library.wisc.edu/1711.dl/32UAWUDC3DYXY8O
67,https://digital.library.wisc.edu/1711.dl/VTQRKSVTJUBA79A
68,https://digital.library.wisc.edu/1711.dl/V4QREH573DVFC8B
69,https://digital.library.wisc.edu/1711.dl/SA7WFB5YPNG2U8L
70,https://digital.library.wisc.edu/1711.dl/FDU5CVRSNHMKX85
71,https://digital.library.wisc.edu/1711.dl/RSBZC6OU4RO6P9B
72,https://digital.library.wisc.edu/1711.dl/ZKWRIC74ZWUUV8A
73,https://digital.library.wisc.edu/1711.dl/FDFONRQPZVO438S
74,https://digital.library.wisc.edu/1711.dl/5R5R2K5Z2KPJ386
75,https://digital.library.wisc.edu/1711.dl/A2XA575QYJR2D9E
76,https://digital.library.wisc.edu/1711.dl/MV2MWODEJXQWD9B
77,https://digital.library.wisc.edu/1711.dl/HJIJOAMRSBX7D83
79,https://digital.library.wisc.edu/1711.dl/VREARWPJGEY6Z8Y
80,https://digital.library.wisc.edu/1711.dl/6FJSMD3AHPWWI8I
81,https://digital.library.wisc.edu/1711.dl/B5PY54IIOOHZA8S
82,https://digital.library.wisc.edu/1711.dl/3UFPRW7S55WMQ8P
83,https://digital.library.wisc.edu/1711.dl/KACYDIYSMJTUK8G
84,https://digital.library.wisc.edu/1711.dl/XLFYYHGDPAW5Q8W
85,https://digital.library.wisc.edu/1711.dl/KGYLD2CJ4L7XU8G
87,https://digital.library.wisc.edu/1711.dl/X2C5IKZU3B6JI8V
88,https://digital.library.wisc.edu/1711.dl/C2KLCXFTHLSJC8G
89,https://digital.library.wisc.edu/1711.dl/SSPL7DLAQNH4B8U
90,https://digital.library.wisc.edu/1711.dl/TX5Z4KW54XZE48J
91,https://digital.library.wisc.edu/1711.dl/UJZGSEA2SQJXH82
92,https://digital.library.wisc.edu/1711.dl/5D6EE52QOUWQE8O
93,https://digital.library.wisc.edu/1711.dl/G6KWURNAIMZ7M85
94,https://digital.library.wisc.edu/1711.dl/QEODE452OFEYX8E
95,https://digital.library.wisc.edu/1711.dl/X5S6CVH47ISXF8I
96,https://digital.library.wisc.edu/1711.dl/3EB64JWC66MFT8O
97,https://digital.library.wisc.edu/1711.dl/SUYGJSIJX4W738A
98,https://digital.library.wisc.edu/1711.dl/XU3G5KA3WPXDJ8L
100,https://digital.library.wisc.edu/1711.dl/QWJ3MQ4J7RQ6S8Z
102,https://digital.library.wisc.edu/1711.dl/C6MPUF4652HTL84
103,https://digital.library.wisc.edu/1711.dl/PBFUFPENEEHXI8E
104,https://digital.library.wisc.edu/1711.dl/M6IEQHYV2TBYY8O
106,https://digital.library.wisc.edu/1711.dl/35QBRS7RHKZ2A83
107,https://digital.library.wisc.edu/1711.dl/E3MOLAML2YKB58S
108,https://digital.library.wisc.edu/1711.dl/6SFJVEZZUD4ET84
109,https://digital.library.wisc.edu/1711.dl/2B6KCCESSQYLQ8U
110,https://digital.library.wisc.edu/1711.dl/GQCXFPGTGB2XF82
111,https://digital.library.wisc.edu/1711.dl/HGHYEHZOJFO5S8U
112,https://digital.library.wisc.edu/1711.dl/MGVAFMBSOBENS8R
113,https://digital.library.wisc.edu/1711.dl/R3CQ7BK2MZAYH8W
114,https://digital.library.wisc.edu/1711.dl/E5E6KDSWY2GOX8T
115,https://digital.library.wisc.edu/1711.dl/NB4JJKNU3LNXJ8L
117,https://digital.library.wisc.edu/1711.dl/ARVRMYHHWOJPL8N
118,https://digital.library.wisc.edu/1711.dl/P62KPI5UVWTVQ8S
119,https://digital.library.wisc.edu/1711.dl/A4GH27A45MEEZ9C
120,https://digital.library.wisc.edu/1711.dl/2Q44VUOCOJODJ8G
121,https://digital.library.wisc.edu/1711.dl/U7WODQKKSPBBV8A
122,https://digital.library.wisc.edu/1711.dl/SI2Q4YQXK66A58D
123,https://digital.library.wisc.edu/1711.dl/FENKIG3QP2O5Q9E
124,https://digital.library.wisc.edu/1711.dl/6532IXRKNDQWF8H
125,https://digital.library.wisc.edu/1711.dl/7OTQ2TJWYQR4X8L
126,https://digital.library.wisc.edu/1711.dl/BJDYDVGJM3NAV82
127,https://digital.library.wisc.edu/1711.dl/D7N4IXGYNOD5O8F
128,https://digital.library.wisc.edu/1711.dl/3FFDFO6NH5D4S8A
129,https://digital.library.wisc.edu/1711.dl/U6VZEJNBE2KHN8C
130,https://digital.library.wisc.edu/1711.dl/FB2B75VVXQJYW9C
131,https://digital.library.wisc.edu/1711.dl/6RAUPLSDNJJQR8H
132,https://digital.library.wisc.edu/1711.dl/QMRNZP63XHHIH86
133,https://digital.library.wisc.edu/1711.dl/KK3XGL5J63PG78P
134,https://digital.library.wisc.edu/1711.dl/K7JRGAS45NJDA8A
135,https://digital.library.wisc.edu/1711.dl/LLOK7QWLSKBWT8X
136,https://digital.library.wisc.edu/1711.dl/U4VTRDU4D2WGB8B
137,https://digital.library.wisc.edu/1711.dl/J4ETG7D3AUVGF83
138,https://digital.library.wisc.edu/1711.dl/WIFXJJF633YP38O
139,https://digital.library.wisc.edu/1711.dl/NI77C6DQOL7GW8D
140,https://digital.library.wisc.edu/1711.dl/HR6EQ4UFREBRJ83
141,https://digital.library.wisc.edu/1711.dl/UMCJM3XKF2VUF8V
142,https://digital.library.wisc.edu/1711.dl/4Z2FT7HWI7ZEX8V
143,https://digital.library.wisc.edu/1711.dl/GGJEIAUJ6D72X8L
144,https://digital.library.wisc.edu/1711.dl/OM2FZ5LWTOLU48W
145,https://digital.library.wisc.edu/1711.dl/E4FOR3HYXNEUL8O
146,https://digital.library.wisc.edu/1711.dl/P77XITOOIYBDA8X
147,https://digital.library.wisc.edu/1711.dl/5W7SBLP3WDWCZ8G
148,https://digital.library.wisc.edu/1711.dl/ZL3EYVQERMGCS8V
149,https://digital.library.wisc.edu/1711.dl/GDFU73EG5A5VW83
150,https://digital.library.wisc.edu/1711.dl/HXWBGU7ALVKKH8K
151,https://digital.library.wisc.edu/1711.dl/55SCB75M2KU6Q8W
152,https://digital.library.wisc.edu/1711.dl/YUR7W6FJI4I7Q84
153,https://digital.library.wisc.edu/1711.dl/ESIRPAWICPDTJ8J
154,https://digital.library.wisc.edu/1711.dl/3WKCKQWER7O4S8A
155,https://digital.library.wisc.edu/1711.dl/2NWVOXW4EGTZ285
156,https://digital.library.wisc.edu/1711.dl/HXRG4BJMPFJWA8T
157,https://digital.library.wisc.edu/1711.dl/SNYTQRS52TXAZ9A
158,https://digital.library.wisc.edu/1711.dl/5KMOKASHGLZCJ84
159,https://digital.library.wisc.edu/1711.dl/7RDIFS3AWG5LU84
160,https://digital.library.wisc.edu/1711.dl/SRZFW33CCKCHE8M
161,https://digital.library.wisc.edu/1711.dl/STN6GRZXKFJTP9E
162,https://digital.library.wisc.edu/1711.dl/3PB3VJ4K3UINN8Q
163,https://digital.library.wisc.edu/1711.dl/OQAYVSAPSWTIH9A
164,https://digital.library.wisc.edu/1711.dl/QS7MVVJXROYDQ85
165,https://digital.library.wisc.edu/1711.dl/CJGZOU3UISSKK8I
166,https://digital.library.wisc.edu/1711.dl/7KQ5TNDGK4YZ68F
167,https://digital.library.wisc.edu/1711.dl/ITAGTWGF3HJCD8D
168,https://digital.library.wisc.edu/1711.dl/G4TI6EGS4XGSN8B
169,https://digital.library.wisc.edu/1711.dl/OIHGOFEQVH5GJ8Z
170,https://digital.library.wisc.edu/1711.dl/CSHWUBZBMWRAY8F
171,https://digital.library.wisc.edu/1711.dl/3F5LHMRY3CQKN8T
172,https://digital.library.wisc.edu/1711.dl/ZN2A3EQFUG6HZ8N
173,https://digital.library.wisc.edu/1711.dl/ILHEE3MFVQQP78B
174,https://digital.library.wisc.edu/1711.dl/AD6GCJ4K4LDLQ8L
175,https://digital.library.wisc.edu/1711.dl/T3EESFAZOVBCY87
176,https://digital.library.wisc.edu/1711.dl/KRKEFRBYR6ABC8T
177,https://digital.library.wisc.edu/1711.dl/K2X4EU2CRZRNL83
178,https://digital.library.wisc.edu/1711.dl/HF6B4KUMWPXJ28D
179,https://digital.library.wisc.edu/1711.dl/32MO4IBBO5DTV85
180,https://digital.library.wisc.edu/1711.dl/PUVVWQYUSWEF58I
181,https://digital.library.wisc.edu/1711.dl/E5YHEAHKAAO5R9D
182,https://digital.library.wisc.edu/1711.dl/RHXU4LQFQXX2E8M
183,https://digital.library.wisc.edu/1711.dl/DDSGOLDGQ4QOU8Z
184,https://digital.library.wisc.edu/1711.dl/6NJN2U4GYLFM58O
185,https://digital.library.wisc.edu/1711.dl/WO3FN66LREQFN9C
186,https://digital.library.wisc.edu/1711.dl/UMVCL3YW53UUW85
187,https://digital.library.wisc.edu/1711.dl/67NGLDFDA6M448N
188,https://digital.library.wisc.edu/1711.dl/3N6WEW54NT7Y58O
189,https://digital.library.wisc.edu/1711.dl/K5JDWSJVC6RJO8T
190,https://digital.library.wisc.edu/1711.dl/EWJAWEXKQKQ2A9D
191,https://digital.library.wisc.edu/1711.dl/3C5RFYVNQ4XFO8I
192,https://digital.library.wisc.edu/1711.dl/K7W4S7XYO6EKW8Q
193,https://digital.library.wisc.edu/1711.dl/OEDPVVGG3R5JA87
194,https://digital.library.wisc.edu/1711.dl/J7U2L5P7QCOWJ9E
195,https://digital.library.wisc.edu/1711.dl/RXTRYPFC7X53P8U
196,https://digital.library.wisc.edu/1711.dl/AIJKEAAABNCXR8V
197,https://digital.library.wisc.edu/1711.dl/ARZQG7UCFPBTZ8J
198,https://digital.library.wisc.edu/1711.dl/WMK2AXRNS2DQV8S
199,https://digital.library.wisc.edu/1711.dl/S4R3JP2P6HCVO8X
200,https://digital.library.wisc.edu/1711.dl/S6G74DGZ4Q5JJ8W
201,https://digital.library.wisc.edu/1711.dl/67UI3N2PJXKX48V
202,https://digital.library.wisc.edu/1711.dl/D2ORCTCEEJ5WA8I
203,https://digital.library.wisc.edu/1711.dl/RRCXGAZFCDIPM8P
204,https://digital.library.wisc.edu/1711.dl/UCVARP2B4VWAK84
205,https://digital.library.wisc.edu/1711.dl/UJKBOW55QL3YH8L
206,https://digital.library.wisc.edu/1711.dl/77GAVDRUAWP7Z8E
207,https://digital.library.wisc.edu/1711.dl/RG4NPYRTR5TI58E
208,https://digital.library.wisc.edu/1711.dl/ZRIZD5JSS7BHC8Z
209,https://digital.library.wisc.edu/1711.dl/X3TYWZGZXGDRN9E
210,https://digital.library.wisc.edu/1711.dl/QLM2ILVG4OQYJ8J
211,https://digital.library.wisc.edu/1711.dl/PKVYJTO4IZWX485
212,https://digital.library.wisc.edu/1711.dl/2AZ6XXGWN3BYE8Y
213,https://digital.library.wisc.edu/1711.dl/5EVHCZNDEO45D8Q
214,https://digital.library.wisc.edu/1711.dl/ITF2QSGMTLMUS8J
215,https://digital.library.wisc.edu/1711.dl/OBUTYF3TKA7NQ9A
216,https://digital.library.wisc.edu/1711.dl/MXBNERQIETSGU8U
217,https://digital.library.wisc.edu/1711.dl/3EAG3UHLGZDD58R
218,https://digital.library.wisc.edu/1711.dl/VNRJ2OERKXH5N8U
219,https://digital.library.wisc.edu/1711.dl/REST6B5X5CX3E8R
220,https://digital.library.wisc.edu/1711.dl/5YT5G3TGVNZ7T8X
221,https://digital.library.wisc.edu/1711.dl/QC7UXZRW3QSJT8H
222,https://digital.library.wisc.edu/1711.dl/NVCOZMWXFZAIT9A
223,https://digital.library.wisc.edu/1711.dl/YFBU3DIGUR2GY8Z
224,https://digital.library.wisc.edu/1711.dl/2L6RM5PLKSDK68D
225,https://digital.library.wisc.edu/1711.dl/MLUWTAQUOSPOI9C
226,https://digital.library.wisc.edu/1711.dl/3JMHDU2OZ725H8W
227,https://digital.library.wisc.edu/1711.dl/3SI3OLHBOB7LV8M
228,https://digital.library.wisc.edu/1711.dl/HV4YULU5AZ63C9A
229,https://digital.library.wisc.edu/1711.dl/L6MUW4W4TGBZZ8I
230,https://digital.library.wisc.edu/1711.dl/NPXPFUJ6IWCFU9B
231,https://digital.library.wisc.edu/1711.dl/4FIVM4SOEHRB78Z
232,https://digital.library.wisc.edu/1711.dl/PVM7DGZ56GCBI9B
233,https://digital.library.wisc.edu/1711.dl/3GO4VFGWEXS7T8B
234,https://digital.library.wisc.edu/1711.dl/LOITMZ37WWQU59E
235,https://digital.library.wisc.edu/1711.dl/GSWCVBSB3IQM38X
236,https://digital.library.wisc.edu/1711.dl/CO7AFUAMQQR4M8P
237,https://digital.library.wisc.edu/1711.dl/WF5FVJCBMHCG28F
238,https://digital.library.wisc.edu/1711.dl/LENFQEPTEXMQO83
239,https://digital.library.wisc.edu/1711.dl/I4MPA2ZQUBCB48X
240,https://digital.library.wisc.edu/1711.dl/O7TQRLCIJFNL78O
241,https://digital.library.wisc.edu/1711.dl/YV7A5WZV4VSPQ8O
242,https://digital.library.wisc.edu/1711.dl/2MWOF62OJISYV8A
243,https://digital.library.wisc.edu/1711.dl/GFFPC5SD37PDY8L
244,https://digital.library.wisc.edu/1711.dl/3ZP2F5K5RJ4QR82
245,https://digital.library.wisc.edu/1711.dl/G7A6VJGPQVW2M8T
246,https://digital.library.wisc.edu/1711.dl/HBWHCIHIKCGJV8R
247,https://digital.library.wisc.edu/1711.dl/4ZMKT4L3OATFE8K
248,https://digital.library.wisc.edu/1711.dl/2LOMNKBD4F5MP9B
249,https://digital.library.wisc.edu/1711.dl/6UB5ZORPY6PIS8U
250,https://digital.library.wisc.edu/1711.dl/UYEYMWPJQINQU9A
251,https://digital.library.wisc.edu/1711.dl/N5JJLHZLOLBFI8R
252,https://digital.library.wisc.edu/1711.dl/FIK5KYJ2VVYP784
253,https://digital.library.wisc.edu/1711.dl/4B3CLCK6XESJK9A
254,https://digital.library.wisc.edu/1711.dl/EEYBNIE66KXKJ9C
255,https://digital.library.wisc.edu/1711.dl/FR2ZP5QW4XK378B
256,https://digital.library.wisc.edu/1711.dl/IKWJMAOUGM5HN8K
257,https://digital.library.wisc.edu/1711.dl/M5KX3QXCMZS6R9D
258,https://digital.library.wisc.edu/1711.dl/4W4WTZ6TERZVS8F
259,https://digital.library.wisc.edu/1711.dl/4JQ3DWT3VCOCU8N
260,https://digital.library.wisc.edu/1711.dl/BC4M27ZI6TWYA8R
261,https://digital.library.wisc.edu/1711.dl/RDYGZR7GDDW6R8L
262,https://digital.library.wisc.edu/1711.dl/46W45CTFQP5JS9C
263,https://digital.library.wisc.edu/1711.dl/ZIAWRCECQPJQT85
264,https://digital.library.wisc.edu/1711.dl/PGSAVFZKP5XPF8Z
265,https://digital.library.wisc.edu/1711.dl/WN7BH7QIJS6RC87
266,https://digital.library.wisc.edu/1711.dl/4MZES4DLDKC2D8L
267,https://digital.library.wisc.edu/1711.dl/GXCIFJQTUTX4C8M
268,https://digital.library.wisc.edu/1711.dl/DOC5ZDXDSNV2Z8N
269,https://digital.library.wisc.edu/1711.dl/X6ADQF66YIMXD85
270,https://digital.library.wisc.edu/1711.dl/C5NZPJ6SFAFNV83
271,https://digital.library.wisc.edu/1711.dl/AWMBRXCRTALBK8D
272,https://digital.library.wisc.edu/1711.dl/VXGVRJTXYHXD39C
273,https://digital.library.wisc.edu/1711.dl/LD26N6V335ECC8H
274,https://digital.library.wisc.edu/1711.dl/ZHOIPTQJVHZJ58Z
275,https://digital.library.wisc.edu/1711.dl/CG5I2K7SBRTIM85
276,https://digital.library.wisc.edu/1711.dl/VNUOFGN7C75ZD9A
277,https://digital.library.wisc.edu/1711.dl/H3IRGHJQSHIJB8G
278,https://digital.library.wisc.edu/1711.dl/OLUDHIFWB6GJQ8U
279,https://digital.library.wisc.edu/1711.dl/DJUH67OK34PJB82
280,https://digital.library.wisc.edu/1711.dl/7NXT37JX2XEV48H
281,https://digital.library.wisc.edu/1711.dl/MBG2EIEY5ABXR8J
282,https://digital.library.wisc.edu/1711.dl/3LRRTA362SAT38U
283,https://digital.library.wisc.edu/1711.dl/4AD4ZRX63AS3F8Q
284,https://digital.library.wisc.edu/1711.dl/YHRBPL74TSJQA8W
285,https://digital.library.wisc.edu/1711.dl/QUKM7OGFQFRAL8R
286,https://digital.library.wisc.edu/1711.dl/5EEDFNQGVDIFK8H
287,https://digital.library.wisc.edu/1711.dl/V2NKJZSAI6BDE8T
288,https://digital.library.wisc.edu/1711.dl/4TYVXRNJ6ZEBE8J
289,https://digital.library.wisc.edu/1711.dl/KES7DEM7ORHO68S
290,https://digital.library.wisc.edu/1711.dl/KO5E6OUADCNKC8A
291,https://digital.library.wisc.edu/1711.dl/UI5OPJCUOUTYT9D
292,https://digital.library.wisc.edu/1711.dl/GRQJH4COTYKL28B
293,https://digital.library.wisc.edu/1711.dl/POVDQTGDKQBA384
294,https://digital.library.wisc.edu/1711.dl/ILA7UOZ5K62XK8O
295,https://digital.library.wisc.edu/1711.dl/ELFJKXSMEOLOY8G
296,https://digital.library.wisc.edu/1711.dl/AKOFZ4J4535RN9D
297,https://digital.library.wisc.edu/1711.dl/VDGDHLS54O44E8N
298,https://digital.library.wisc.edu/1711.dl/52AKL3XFIMS648Z
299,https://digital.library.wisc.edu/1711.dl/3EKZC7JKAUGRD8O
300,https://digital.library.wisc.edu/1711.dl/BUWQL4PNLS24O8V
301,https://digital.library.wisc.edu/1711.dl/5LXWHU4JDELDS8Q
302,https://digital.library.wisc.edu/1711.dl/MGKL4HYPDD34O9C
303,https://digital.library.wisc.edu/1711.dl/6YDYKICJR5YDL9A
304,https://digital.library.wisc.edu/1711.dl/D5CBFWJFLSSGF8U
306,https://digital.library.wisc.edu/1711.dl/CQ235YU2Y3U568H
307,https://digital.library.wisc.edu/1711.dl/ET4BZRDH2MK3M8J
308,https://digital.library.wisc.edu/1711.dl/4NCOMLT5KPJHI8Y
309,https://digital.library.wisc.edu/1711.dl/BH35SK66DFW7586
310,https://digital.library.wisc.edu/1711.dl/O3D2W4VEFSK2M9D
311,https://digital.library.wisc.edu/1711.dl/VZ33Z3BZFGECQ8Z
312,https://digital.library.wisc.edu/1711.dl/TE2BFI6KHGPBP8F
315,https://digital.library.wisc.edu/1711.dl/7KKHLMI2UTJTA8N
316,https://digital.library.wisc.edu/1711.dl/KCD36VNI3KI5U8K
317,https://digital.library.wisc.edu/1711.dl/E5ALKRJMFIGBD86
318,https://digital.library.wisc.edu/1711.dl/HFLRHPLZ3T3UA8K
320,https://digital.library.wisc.edu/1711.dl/QIFQYDISWD3HL8R
321,https://digital.library.wisc.edu/1711.dl/SI7IPF4XYEJWD8H
322,https://digital.library.wisc.edu/1711.dl/SE7G3HTRGFP6484
323,https://digital.library.wisc.edu/1711.dl/EZALVIRAJVZL68P
324,https://digital.library.wisc.edu/1711.dl/SPHV4BRY6WJ6C87
325,https://digital.library.wisc.edu/1711.dl/JIJGBPBQDXAML9E
326,https://digital.library.wisc.edu/1711.dl/6TCMOSF23TXT28T
327,https://digital.library.wisc.edu/1711.dl/UCDQZ2A2GRUUT8A
328,https://digital.library.wisc.edu/1711.dl/B5HQ2TLPVJGOE8D
329,https://digital.library.wisc.edu/1711.dl/Y55XI6AMR5ICK8E
330,https://digital.library.wisc.edu/1711.dl/47B3TRLRZ7JTA86
331,https://digital.library.wisc.edu/1711.dl/SKSZD6XFCX7GO8Z
332,https://digital.library.wisc.edu/1711.dl/A7URMNODNI55D8V
333,https://digital.library.wisc.edu/1711.dl/YVOIVBWNHKXLX8Y
334,https://digital.library.wisc.edu/1711.dl/IPNI5LZNE5BNA8T
335,https://digital.library.wisc.edu/1711.dl/DVL7HYUZ3WNQS8O
336,https://digital.library.wisc.edu/1711.dl/7AKJ7FQLQOR4L82
337,https://digital.library.wisc.edu/1711.dl/K4QQIGG6J36UB83
338,https://digital.library.wisc.edu/1711.dl/EEBSOWDYPWSJE87
339,https://digital.library.wisc.edu/1711.dl/642M7GMNQ46SD8J
340,https://digital.library.wisc.edu/1711.dl/5CNQSGKBABJBE9A
341,https://digital.library.wisc.edu/1711.dl/FQI2ARI6YETHP8M
342,https://digital.library.wisc.edu/1711.dl/ZCNJYJLDMFDZH9E
344,https://digital.library.wisc.edu/1711.dl/ZQ6N2AHN22TXF8J
345,https://digital.library.wisc.edu/1711.dl/2E2TBU75KUKUY8M
346,https://digital.library.wisc.edu/1711.dl/VAZ7FOBQOIJWY8N
347,https://digital.library.wisc.edu/1711.dl/L2Y77NZZCDBWY8W
348,https://digital.library.wisc.edu/1711.dl/XCSLZZP2AIQMM8L
349,https://digital.library.wisc.edu/1711.dl/PB622ZXPKX3WX84
350,https://digital.library.wisc.edu/1711.dl/55BXCSIP5IYCO85
351,https://digital.library.wisc.edu/1711.dl/WECSNGKBEOMFL8V
352,https://digital.library.wisc.edu/1711.dl/BP4PJVOX67E4O87
353,https://digital.library.wisc.edu/1711.dl/2LLA5MBSGOU728T
354,https://digital.library.wisc.edu/1711.dl/TQALJ35RCEKH28K
355,https://digital.library.wisc.edu/1711.dl/SCDAKPWPXAJWE87
356,https://digital.library.wisc.edu/1711.dl/MGEZJSLDYPH7B9C
358,https://digital.library.wisc.edu/1711.dl/NFJE77Z4I5PKK85
359,https://digital.library.wisc.edu/1711.dl/TL4IDBRYIVYCX82
360,https://digital.library.wisc.edu/1711.dl/YARENMDSJXJ6C8F
361,https://digital.library.wisc.edu/1711.dl/EN4EKXW6XISNW8L
362,https://digital.library.wisc.edu/1711.dl/CFRNIJYKCN2U584
363,https://digital.library.wisc.edu/1711.dl/MHY2V7W7I2KFY8H
364,https://digital.library.wisc.edu/1711.dl/CGLWXOQFWNMEH8M
365,https://digital.library.wisc.edu/1711.dl/CDKNXW3KUMC539E
366,https://digital.library.wisc.edu/1711.dl/HGWCAZNWQ3OZB8W
367,https://digital.library.wisc.edu/1711.dl/Z2FNUBTLC3ELX8N
368,https://digital.library.wisc.edu/1711.dl/UF5AL26UEOQY78C
369,https://digital.library.wisc.edu/1711.dl/J6MFYJBJFMWIK8M
370,https://digital.library.wisc.edu/1711.dl/JQERIQASRWQOV8W
371,https://digital.library.wisc.edu/1711.dl/UDEZMNN7HQZIX84
372,https://digital.library.wisc.edu/1711.dl/GPZL6SMSGJBLJ8J
373,https://digital.library.wisc.edu/1711.dl/22CXKOR4T7WUD83
374,https://digital.library.wisc.edu/1711.dl/IR3YQZKFNR44Y82
375,https://digital.library.wisc.edu/1711.dl/4LXV5MDMDN4ZL8C
376,https://digital.library.wisc.edu/1711.dl/CKSLZERTUGGBL8C
378,https://digital.library.wisc.edu/1711.dl/IWEE77K5G3PFR8N
381,https://digital.library.wisc.edu/1711.dl/HUGCNHFNX24EY8L
382,https://digital.library.wisc.edu/1711.dl/GT2DFQ3GE45YU8K
383,https://digital.library.wisc.edu/1711.dl/KWZJ2PZ47QKT28M
384,https://digital.library.wisc.edu/1711.dl/TOMMHRMMFL7LQ82
385,https://digital.library.wisc.edu/1711.dl/K36GCNRNSTSOB9E
386,https://digital.library.wisc.edu/1711.dl/I32D7MKRU2TZB86
387,https://digital.library.wisc.edu/1711.dl/B5TXWFNTQJISM83
388,https://digital.library.wisc.edu/1711.dl/DEDTMH4MXMVCS8L
389,https://digital.library.wisc.edu/1711.dl/NBIBAXNZRER5H9B
390,https://digital.library.wisc.edu/1711.dl/KOGPW5ZD7RVKX9B
391,https://digital.library.wisc.edu/1711.dl/YCTHYE6AO2UD58G
392,https://digital.library.wisc.edu/1711.dl/FH7UVKJHJKE5U8O
394,https://digital.library.wisc.edu/1711.dl/6BIF2HFIXSULR8M
395,https://digital.library.wisc.edu/1711.dl/M7V2BPI275RDB9E
396,https://digital.library.wisc.edu/1711.dl/DNJEXFQWXBZ668I
397,https://digital.library.wisc.edu/1711.dl/KW7VZRJWJ6FMW8J
398,https://digital.library.wisc.edu/1711.dl/XTA4JIFXWN6CE9D
399,https://digital.library.wisc.edu/1711.dl/ZH3UU5BFW5Z3Y9B
400,https://digital.library.wisc.edu/1711.dl/5ER6JWA3QCB4L9C
401,https://digital.library.wisc.edu/1711.dl/V6VZ5PKYMEYDD8H
402,https://digital.library.wisc.edu/1711.dl/IBS42OVJVDCDG8C
403,https://digital.library.wisc.edu/1711.dl/W447VEGJTMG5J8T
404,https://digital.library.wisc.edu/1711.dl/YTUJJ6A3L6RXF8J
405,https://digital.library.wisc.edu/1711.dl/EHMNDCMIQUMN59A
406,https://digital.library.wisc.edu/1711.dl/7COZADQ64ASKN84
407,https://digital.library.wisc.edu/1711.dl/MXBYUDWKKT2PG8B
408,https://digital.library.wisc.edu/1711.dl/D6FGMSRLMPBDV8T
409,https://digital.library.wisc.edu/1711.dl/53VEHQYQLHEQS8H
410,https://digital.library.wisc.edu/1711.dl/JZ5XXIVLNDMYU8U
411,https://digital.library.wisc.edu/1711.dl/H7UPXLY7CKSTL86
412,https://digital.library.wisc.edu/1711.dl/2XYOEHCPG6CDI8Y
413,https://digital.library.wisc.edu/1711.dl/B37I7JDRYZNAU8J
414,https://digital.library.wisc.edu/1711.dl/ZVDMDABQWQAYR87
415,https://digital.library.wisc.edu/1711.dl/MWQ5YHN6ZME3Z8M
417,https://digital.library.wisc.edu/1711.dl/XBSRGHDPVQRKE9A
418,https://digital.library.wisc.edu/1711.dl/4QRP23AIKZNMF9D
419,https://digital.library.wisc.edu/1711.dl/5B4O2NU2WXKLS8D
420,https://digital.library.wisc.edu/1711.dl/RAVKNDM6A6DBR8U
421,https://digital.library.wisc.edu/1711.dl/WGRWK46JPUDYH8O
422,https://digital.library.wisc.edu/1711.dl/E3NUNGJHGVFBL8U
423,https://digital.library.wisc.edu/1711.dl/TQPI64DFMLTO68M
424,https://digital.library.wisc.edu/1711.dl/AJVC4PTE5XVGY9E
425,https://digital.library.wisc.edu/1711.dl/XFAC5K2O2FQPW8X
426,https://digital.library.wisc.edu/1711.dl/VMZJVXIOBZHYG8L
427,https://digital.library.wisc.edu/1711.dl/RGB35SWD4VTYY85
428,https://digital.library.wisc.edu/1711.dl/GKBQIBFPA2VL68M
429,https://digital.library.wisc.edu/1711.dl/NLRV6Q2G2EXSH8A
430,https://digital.library.wisc.edu/1711.dl/YF6SIUD7M47XY8S
431,https://digital.library.wisc.edu/1711.dl/UIVLE6PHEE5AT9E
432,https://digital.library.wisc.edu/1711.dl/ORIBWIY4ZZDRV8U
433,https://digital.library.wisc.edu/1711.dl/ZTUCOQIKL4CK48X
435,https://digital.library.wisc.edu/1711.dl/3SRK43A4PVELZ8J
436,https://digital.library.wisc.edu/1711.dl/OGPNEAXG62EPM8E
437,https://digital.library.wisc.edu/1711.dl/EUYDN6JTUJQNN83
438,https://digital.library.wisc.edu/1711.dl/7P2CPPUYT4CZE82
439,https://digital.library.wisc.edu/1711.dl/QGJPMGWHDOPML8E
440,https://digital.library.wisc.edu/1711.dl/AQ357ZQD4J2SS8J
441,https://digital.library.wisc.edu/1711.dl/ZRAXAA6SIIDJ78R
442,https://digital.library.wisc.edu/1711.dl/7OPTJRYYCLF5484
443,https://digital.library.wisc.edu/1711.dl/QDWHT2A7GSOTC9E
444,https://digital.library.wisc.edu/1711.dl/OLPM2VWN7K3LM8Q
445,https://digital.library.wisc.edu/1711.dl/ECOI5WGBXYTRM8T
446,https://digital.library.wisc.edu/1711.dl/OFYNRBYYGQPYA8I
447,https://digital.library.wisc.edu/1711.dl/WIUGBLNJ5YUOO8V
448,https://digital.library.wisc.edu/1711.dl/VYI4W74EATP2S8C
449,https://digital.library.wisc.edu/1711.dl/ZYCI5ZN62IBUF9D
450,https://digital.library.wisc.edu/1711.dl/WJ4ZQITNO2XLK8K
451,https://digital.library.wisc.edu/1711.dl/2TP4KOHZURJ2J8C
452,https://digital.library.wisc.edu/1711.dl/46XDPXBFTECU39A
453,https://digital.library.wisc.edu/1711.dl/DJEA5ZIXC66DG9D
454,https://digital.library.wisc.edu/1711.dl/LETXFAJFJS2748Z
455,https://digital.library.wisc.edu/1711.dl/GFUGRJRKW5I538L
456,https://digital.library.wisc.edu/1711.dl/P4G76QWBCXL2X8K
458,https://digital.library.wisc.edu/1711.dl/W2UCDXH3EISSU8S
459,https://digital.library.wisc.edu/1711.dl/OZBTSPFRWH64E8A
460,https://digital.library.wisc.edu/1711.dl/RYW6SRAKDLJ6E8Y
461,https://digital.library.wisc.edu/1711.dl/T2JAZ4L2FGR7U8J
462,https://digital.library.wisc.edu/1711.dl/YAJTBTQTPKPWY8G
463,https://digital.library.wisc.edu/1711.dl/KEMX5HWNWQ4QI9E
464,https://digital.library.wisc.edu/1711.dl/ZM432AGWKXZ7P8M
465,https://digital.library.wisc.edu/1711.dl/A7WTC3TTT422G8M
466,https://digital.library.wisc.edu/1711.dl/ZM5C6QWRPAVW78L
467,https://digital.library.wisc.edu/1711.dl/LQEVX7E2HF5EQ9A
468,https://digital.library.wisc.edu/1711.dl/HHWUC5ZIIBAWU8M
469,https://digital.library.wisc.edu/1711.dl/HQLSN2TOYSQUB85
470,https://digital.library.wisc.edu/1711.dl/AJXQMIEBQQYSD8I
471,https://digital.library.wisc.edu/1711.dl/3DDBPLAYVMJKO8Q
472,https://digital.library.wisc.edu/1711.dl/KBNQGNYIAYJNH8F
473,https://digital.library.wisc.edu/1711.dl/OD4YSQOJHAIRK8F
474,https://digital.library.wisc.edu/1711.dl/FYUQIUMGZVJNZ8E
475,https://digital.library.wisc.edu/1711.dl/IJHWXABUMN5Z28V
476,https://digital.library.wisc.edu/1711.dl/UMOITA7GL2BZ28G
477,https://digital.library.wisc.edu/1711.dl/CFJUCHSDEEP3F82
478,https://digital.library.wisc.edu/1711.dl/VOJOCW7PNECTF8K
479,https://digital.library.wisc.edu/1711.dl/3EX42MCNJ6BPW8Z
480,https://digital.library.wisc.edu/1711.dl/UWFYZBYQSSJKY9A
481,https://digital.library.wisc.edu/1711.dl/WF3J6FSEJHLAM83
482,https://digital.library.wisc.edu/1711.dl/5RUPOTK5ZBYET8U
483,https://digital.library.wisc.edu/1711.dl/KQ3FXSSECBKZ28F
484,https://digital.library.wisc.edu/1711.dl/DWPFQOWRE3PIS9D
485,https://digital.library.wisc.edu/1711.dl/2R5R7ER243PS58D
486,https://digital.library.wisc.edu/1711.dl/M6UP2OGH26LDN9A
487,https://digital.library.wisc.edu/1711.dl/272QUW3WHDC4N8E
488,https://digital.library.wisc.edu/1711.dl/ZBKSVW4HRWS6Z8Y
489,https://digital.library.wisc.edu/1711.dl/SKNVXSQC4UXAU9C
490,https://digital.library.wisc.edu/1711.dl/CHM5HBEL77Y4Z82
491,https://digital.library.wisc.edu/1711.dl/AMXLPCYF62RD68V
492,https://digital.library.wisc.edu/1711.dl/6EPFZWBCUC7CV8A
493,https://digital.library.wisc.edu/1711.dl/4KPUCFWTCK3SM8L
494,https://digital.library.wisc.edu/1711.dl/NVXBQUCREHWM48C
495,https://digital.library.wisc.edu/1711.dl/24PR55UT56GH58H
496,https://digital.library.wisc.edu/1711.dl/2KLNKQZHRU7RL9A
497,https://digital.library.wisc.edu/1711.dl/NW4GZHCKZ5B6X8U
499,https://digital.library.wisc.edu/1711.dl/2EUNJ37ACPEVQ8V
500,https://digital.library.wisc.edu/1711.dl/WW2YXG5YGG5UE87
501,https://digital.library.wisc.edu/1711.dl/6UCVJXLV7H77F8N
502,https://digital.library.wisc.edu/1711.dl/B52XCT3DIDJ2U8H
503,https://digital.library.wisc.edu/1711.dl/VDTDHMVLMQ2DW8T
504,https://digital.library.wisc.edu/1711.dl/QCLSRNBMIIJ7P8Z
505,https://digital.library.wisc.edu/1711.dl/BACAFO276GHB68X
506,https://digital.library.wisc.edu/1711.dl/2GAQHEXO66QNG8I
507,https://digital.library.wisc.edu/1711.dl/6KXPAPOL5GJEU9E
509,https://digital.library.wisc.edu/1711.dl/NFRYK65YONEUX8G
511,https://digital.library.wisc.edu/1711.dl/QDKSZSTH2LVEA8W
512,https://digital.library.wisc.edu/1711.dl/PKWTM6O6WBJUC9B
513,https://digital.library.wisc.edu/1711.dl/THB6NR6T5F5VV83
514,https://digital.library.wisc.edu/1711.dl/MYZIBURIMRSEQ8X
515,https://digital.library.wisc.edu/1711.dl/AD3YDANZNCYZB8T
516,https://digital.library.wisc.edu/1711.dl/AY5CAUJTTM2T48T
517,https://digital.library.wisc.edu/1711.dl/JSYLBFMAVESZM8Q
518,https://digital.library.wisc.edu/1711.dl/C26IN5MT2DCAB8Z
520,https://digital.library.wisc.edu/1711.dl/CQD4SJU43PEBZ87
521,https://digital.library.wisc.edu/1711.dl/Q4T5HPZUP2SWY8Y
522,https://digital.library.wisc.edu/1711.dl/KBES3XX4KTJMM83
523,https://digital.library.wisc.edu/1711.dl/QDR567JFQESAA8L
524,https://digital.library.wisc.edu/1711.dl/EATTB3BQIM4EG85
525,https://digital.library.wisc.edu/1711.dl/LRTLZYFA2YQS48P
526,https://digital.library.wisc.edu/1711.dl/ULYR43THBCT5A8B
527,https://digital.library.wisc.edu/1711.dl/GY42K3AU4VIJW8E
528,https://digital.library.wisc.edu/1711.dl/NAJMVOKBJQC2F9B
529,https://digital.library.wisc.edu/1711.dl/CYXWGRKA5M3SK83
530,https://digital.library.wisc.edu/1711.dl/2MTVCEPAPYFJT8F
531,https://digital.library.wisc.edu/1711.dl/AT7IKEPPEXUQG9C
532,https://digital.library.wisc.edu/1711.dl/2HNEMNWIXCJOI8N
533,https://digital.library.wisc.edu/1711.dl/H5JIBVNVKPTKJ8Q
534,https://digital.library.wisc.edu/1711.dl/3DK7COXF5IUKV86
535,https://digital.library.wisc.edu/1711.dl/6VRKA5GQCBKZE9D
536,https://digital.library.wisc.edu/1711.dl/3OA27FJ5NBRSL8R
537,https://digital.library.wisc.edu/1711.dl/PFCDAKZ7C3EJD8G
538,https://digital.library.wisc.edu/1711.dl/Z4VVHUISVQRG78D
539,https://digital.library.wisc.edu/1711.dl/DIITYT4M3KGSU8N
541,https://digital.library.wisc.edu/1711.dl/U7XQFUR23WLC68U
542,https://digital.library.wisc.edu/1711.dl/QLLKXUOFWWOVX8Q
543,https://digital.library.wisc.edu/1711.dl/IDCRMA6M6FBHZ8K
544,https://digital.library.wisc.edu/1711.dl/6OA4D2I73M2FD8Y
545,https://digital.library.wisc.edu/1711.dl/RMS43OJ4RRKCQ8J
546,https://digital.library.wisc.edu/1711.dl/DPUEYDQ2ZRBWE87
547,https://digital.library.wisc.edu/1711.dl/SA4HCDYIRMQXU8G
548,https://digital.library.wisc.edu/1711.dl/32QKHRZTGWXXV8F
549,https://digital.library.wisc.edu/1711.dl/5OR6WXQC2HIEC9C
550,https://digital.library.wisc.edu/1711.dl/HHIXVB7LURGBU8U
551,https://digital.library.wisc.edu/1711.dl/KBMEONX244YE48N
552,https://digital.library.wisc.edu/1711.dl/2X5ZNDU55WDEE9B
553,https://digital.library.wisc.edu/1711.dl/TJZ57PGTZF2FN8O
554,https://digital.library.wisc.edu/1711.dl/ULQX7L373TXNT8F
555,https://digital.library.wisc.edu/1711.dl/LO6AJ7AY4ILML9C
556,https://digital.library.wisc.edu/1711.dl/56XDFG5LI2KSF8Y
557,https://digital.library.wisc.edu/1711.dl/7BXVYNPQB3BVN9B
558,https://digital.library.wisc.edu/1711.dl/6FBH4P6WJTR7V8O
559,https://digital.library.wisc.edu/1711.dl/C2QYQXOACEWXP83
560,https://digital.library.wisc.edu/1711.dl/D4Q4PNNUBNLEQ85
561,https://digital.library.wisc.edu/1711.dl/VQOHTMMMYBVV28A
562,https://digital.library.wisc.edu/1711.dl/6Z5RY3XCYXRQF86
563,https://digital.library.wisc.edu/1711.dl/7HILTUCCYTJSB8T
564,https://digital.library.wisc.edu/1711.dl/PGQGP7LOUQETT8C
565,https://digital.library.wisc.edu/1711.dl/A5AA357CO7CHX9D
566,https://digital.library.wisc.edu/1711.dl/VPK2FIFHS5EUK87
567,https://digital.library.wisc.edu/1711.dl/3FQFNKVMT5IFL8E
568,https://digital.library.wisc.edu/1711.dl/KCTVDHHFLLXQ29D
569,https://digital.library.wisc.edu/1711.dl/PHHETDV2Q425O9D
570,https://digital.library.wisc.edu/1711.dl/Q3DQBYCZ6HJVJ8T
571,https://digital.library.wisc.edu/1711.dl/ZOHD3U6H34HY69D
572,https://digital.library.wisc.edu/1711.dl/Z3ATZKRZIS3W29C
573,https://digital.library.wisc.edu/1711.dl/YJTT727CI65ED8R
574,https://digital.library.wisc.edu/1711.dl/4JRXCYPFTGA3683
575,https://digital.library.wisc.edu/1711.dl/PNEFHUPX7IF6U9C
576,https://digital.library.wisc.edu/1711.dl/26UPQH22LM4459C
577,https://digital.library.wisc.edu/1711.dl/IO2NFK7LJ5CU78B
578,https://digital.library.wisc.edu/1711.dl/7CMVFXULVCPOX8S
579,https://digital.library.wisc.edu/1711.dl/CN6AHADOIDHM78N
580,https://digital.library.wisc.edu/1711.dl/KJWEGL3DJGGS38J
581,https://digital.library.wisc.edu/1711.dl/BK2SWLI36KJLL87
582,https://digital.library.wisc.edu/1711.dl/NAW545CFUFIFJ8W
583,https://digital.library.wisc.edu/1711.dl/BDT7YAAEUANK58N
585,https://digital.library.wisc.edu/1711.dl/WM5TTNQ5LTLBH8S
586,https://digital.library.wisc.edu/1711.dl/JDEDROU5C53DK8T
587,https://digital.library.wisc.edu/1711.dl/NHJUFC573XYQQ8U
588,https://digital.library.wisc.edu/1711.dl/KZLYXNIWTRH468T
589,https://digital.library.wisc.edu/1711.dl/UWN2O5KXRXWVQ8O
590,https://digital.library.wisc.edu/1711.dl/F4NHGGD3BMW238W
591,https://digital.library.wisc.edu/1711.dl/JA3BBSI4NSLEU85
592,https://digital.library.wisc.edu/1711.dl/QRVTGMFA2XFMG87
593,https://digital.library.wisc.edu/1711.dl/2RRRYP2A2QDFP9A
594,https://digital.library.wisc.edu/1711.dl/RU7UITRMRU5IP8I
595,https://digital.library.wisc.edu/1711.dl/4QN5MEK5PBVWU8V
596,https://digital.library.wisc.edu/1711.dl/SQ6UMEMRERB258Y
598,https://digital.library.wisc.edu/1711.dl/DWUKVWH2Q5SVC9C
599,https://digital.library.wisc.edu/1711.dl/S23JQHGPTWPPE8B
600,https://digital.library.wisc.edu/1711.dl/JIMNDRW4TGMGG8L
601,https://digital.library.wisc.edu/1711.dl/ASUDTA3XFH5AU8M
602,https://digital.library.wisc.edu/1711.dl/ZFHA6VENMRIWG8Z
603,https://digital.library.wisc.edu/1711.dl/V5NI75EJIYXKD8I
604,https://digital.library.wisc.edu/1711.dl/RXER4GEOHY2UK8M
605,https://digital.library.wisc.edu/1711.dl/LNMXHHZOA3GAJ8U
606,https://digital.library.wisc.edu/1711.dl/ZE4PILGUY3VOA8B
607,https://digital.library.wisc.edu/1711.dl/Y6BM24FXDGBPT86
608,https://digital.library.wisc.edu/1711.dl/A4OWV7UUVBK5W8S
609,https://digital.library.wisc.edu/1711.dl/TH4P6NWST5FBI8D
610,https://digital.library.wisc.edu/1711.dl/4TIQ7X23XO6L59B
611,https://digital.library.wisc.edu/1711.dl/VLRDVBXZ5RGML86
612,https://digital.library.wisc.edu/1711.dl/4C3SL4CBFIYT78H
613,https://digital.library.wisc.edu/1711.dl/L3FTLIQIU2W5M86
614,https://digital.library.wisc.edu/1711.dl/HHUZ4ZOOLQWQ78B
615,https://digital.library.wisc.edu/1711.dl/YPXMHXVTLUGBP87
616,https://digital.library.wisc.edu/1711.dl/7B5YOCATA4U549C
617,https://digital.library.wisc.edu/1711.dl/UERURVZFD7FS28O
618,https://digital.library.wisc.edu/1711.dl/FHKBLGTTMAMFP9E
619,https://digital.library.wisc.edu/1711.dl/KUI25QILQZZ6R8A
620,https://digital.library.wisc.edu/1711.dl/ILBXVZZOZ67478P
621,https://digital.library.wisc.edu/1711.dl/MRHJ2BANWSAD39D
622,https://digital.library.wisc.edu/1711.dl/O2J6QYP3NGVWV8B
623,https://digital.library.wisc.edu/1711.dl/2MKLZO6AVJTRQ8A
624,https://digital.library.wisc.edu/1711.dl/FRTNUZYP2KCGL9E
626,https://digital.library.wisc.edu/1711.dl/BGGVUNCGWVKDB9C
627,https://digital.library.wisc.edu/1711.dl/C73TZ24LW2TKB9A
628,https://digital.library.wisc.edu/1711.dl/YOOWRIATMMSB39D
629,https://digital.library.wisc.edu/1711.dl/TNCVPKJLO6MBW8T
630,https://digital.library.wisc.edu/1711.dl/IYVO54GNQRE3W8L
631,https://digital.library.wisc.edu/1711.dl/WLX7FU6ZSPKP286
632,https://digital.library.wisc.edu/1711.dl/SLWI6KD55IF7Y8Q
633,https://digital.library.wisc.edu/1711.dl/WZA6UD6DOJQMT9A
634,https://digital.library.wisc.edu/1711.dl/GVDBW2PHFEJX586
635,https://digital.library.wisc.edu/1711.dl/JR4OWLRSS7UVP8W
636,https://digital.library.wisc.edu/1711.dl/VIGM5KUV4WLBN8V
637,https://digital.library.wisc.edu/1711.dl/OMIDCKWMPUI2Z8L
638,https://digital.library.wisc.edu/1711.dl/UVDDUMZ2NAR678D
639,https://digital.library.wisc.edu/1711.dl/JQR6TVAVHUTQJ8N
640,https://digital.library.wisc.edu/1711.dl/CGAS7DS6SQHCT8A
641,https://digital.library.wisc.edu/1711.dl/5UPZ5V2ZNHWNB8W
642,https://digital.library.wisc.edu/1711.dl/5WTHFL42P5WEW82
643,https://digital.library.wisc.edu/1711.dl/LLV2GI56756S78T
644,https://digital.library.wisc.edu/1711.dl/O2BG2QMWE2WTT8B
645,https://digital.library.wisc.edu/1711.dl/THRVWUZFIIYS78U
646,https://digital.library.wisc.edu/1711.dl/2QIKFIHGYTUZU9D
647,https://digital.library.wisc.edu/1711.dl/PZYR6J3OKQRF68G
648,https://digital.library.wisc.edu/1711.dl/4GG477QKZH66X82
649,https://digital.library.wisc.edu/1711.dl/C5TUFE5UZPG5V8G
650,https://digital.library.wisc.edu/1711.dl/AJLLDXDDGO5648N
651,https://digital.library.wisc.edu/1711.dl/MJ5JWQJZZAWAJ8W
652,https://digital.library.wisc.edu/1711.dl/FLQ5SUJPTDPYV87
653,https://digital.library.wisc.edu/1711.dl/AEBSGOY2ME4GG9A
654,https://digital.library.wisc.edu/1711.dl/A4JKD46DSMQRX8V
655,https://digital.library.wisc.edu/1711.dl/RHVXJNTQOXAKY82
656,https://digital.library.wisc.edu/1711.dl/2GMV6M6HXCOUO8G
657,https://digital.library.wisc.edu/1711.dl/HA3BCANSXWXZL8R
658,https://digital.library.wisc.edu/1711.dl/7R636KSLKZGR79D
659,https://digital.library.wisc.edu/1711.dl/Z3BYZQ6S7ZDPG8T
660,https://digital.library.wisc.edu/1711.dl/3K5MCIHOPOEFX8G
661,https://digital.library.wisc.edu/1711.dl/MZMD7TJM4PZP38H
662,https://digital.library.wisc.edu/1711.dl/HW2HEVCP4IBTX8M
663,https://digital.library.wisc.edu/1711.dl/FAXE24THJ27VM8C
664,https://digital.library.wisc.edu/1711.dl/7XHW3CBPX35L582
665,https://digital.library.wisc.edu/1711.dl/ZAXM62TBAJGPF84
666,https://digital.library.wisc.edu/1711.dl/XSV6SR4PJKQCA8V
667,https://digital.library.wisc.edu/1711.dl/EO2JJQKTH2TMS8N
668,https://digital.library.wisc.edu/1711.dl/I2FAXKS7G2BIR8I
669,https://digital.library.wisc.edu/1711.dl/RV3MOVZRPFOUY9A
670,https://digital.library.wisc.edu/1711.dl/CVYMACNNIVQ5Y8J
671,https://digital.library.wisc.edu/1711.dl/BRMZRU4LK77RN9D
672,https://digital.library.wisc.edu/1711.dl/4SPSNZ2CK7LJX8F
673,https://digital.library.wisc.edu/1711.dl/ZH5MXJZ7N6CCC9C
674,https://digital.library.wisc.edu/1711.dl/LBEDJTGT2ESIA9B
676,https://digital.library.wisc.edu/1711.dl/ZEWRLHT4PXP4S8T
677,https://digital.library.wisc.edu/1711.dl/XILTIAILVQPTY8R
678,https://digital.library.wisc.edu/1711.dl/L6HPT5W6Y7OBN8L
679,https://digital.library.wisc.edu/1711.dl/HGLWAU5K3QMH39B
680,https://digital.library.wisc.edu/1711.dl/PGVRMCEY4U5EL8G
681,https://digital.library.wisc.edu/1711.dl/XP4GQVDRHHIVV8M
682,https://digital.library.wisc.edu/1711.dl/ZTKJY3GFYUQ5V8E
683,https://digital.library.wisc.edu/1711.dl/X6OUL3HAPUWKP87
684,https://digital.library.wisc.edu/1711.dl/LLENMZU7VLNXY8X
685,https://digital.library.wisc.edu/1711.dl/BSRT7MHX65TIO8G
686,https://digital.library.wisc.edu/1711.dl/PEIXD6CZLLMJ485
687,https://digital.library.wisc.edu/1711.dl/34XBHIJ3OSY3E8V
688,https://digital.library.wisc.edu/1711.dl/BXEQKMUKMYQ358Z
689,https://digital.library.wisc.edu/1711.dl/PIU7MHOD7U6QE8M
690,https://digital.library.wisc.edu/1711.dl/35BDUQNZL67WW83
692,https://digital.library.wisc.edu/1711.dl/DQIRTXOISFY269D
693,https://digital.library.wisc.edu/1711.dl/W2MVYQWOE555S8Q
694,https://digital.library.wisc.edu/1711.dl/3GH6ECRVMFIU68G
696,https://digital.library.wisc.edu/1711.dl/FFPG6UHY5EJWO9D
697,https://digital.library.wisc.edu/1711.dl/5UL4PQGTQOPRF8C
698,https://digital.library.wisc.edu/1711.dl/CIZITD5NJFK5Q8K
699,https://digital.library.wisc.edu/1711.dl/4K7RG7FWUZNMT8J
700,https://digital.library.wisc.edu/1711.dl/MF6XH3W7UZ4WV8G
701,https://digital.library.wisc.edu/1711.dl/NLZZNCKYVX26H8D
702,https://digital.library.wisc.edu/1711.dl/YWGKZE4ON4RPS83
703,https://digital.library.wisc.edu/1711.dl/RX7DWOLBOUM2T8V
704,https://digital.library.wisc.edu/1711.dl/UVMJYXG5BZ3JW8Z
705,https://digital.library.wisc.edu/1711.dl/V5KX5H3DBJBFW8V
706,https://digital.library.wisc.edu/1711.dl/QUUYD2BG2QGF28B
708,https://digital.library.wisc.edu/1711.dl/2JB5S76DDZFEE9A
709,https://digital.library.wisc.edu/1711.dl/EIACTUWV22ZOS9C
710,https://digital.library.wisc.edu/1711.dl/J7LZAUDTWIPMT9E
711,https://digital.library.wisc.edu/1711.dl/E5FSEQW43TDI38C
712,https://digital.library.wisc.edu/1711.dl/A63EGIHMA2O3W9D
713,https://digital.library.wisc.edu/1711.dl/ZMWUHO6MZFBDQ8D
714,https://digital.library.wisc.edu/1711.dl/RPMAAZXCSKXHS8W
715,https://digital.library.wisc.edu/1711.dl/GVDFTBY6YAA628U
716,https://digital.library.wisc.edu/1711.dl/STX2WBA7LX3ID8W
717,https://digital.library.wisc.edu/1711.dl/S57BWF7I6J3SZ8Q
718,https://digital.library.wisc.edu/1711.dl/AMFRURMZJFIW79E
719,https://digital.library.wisc.edu/1711.dl/JCAWVFQPROKQL8W
720,https://digital.library.wisc.edu/1711.dl/D4VM3NH2KVMFU8X
721,https://digital.library.wisc.edu/1711.dl/O2JHTEFKU6T7Q9B
722,https://digital.library.wisc.edu/1711.dl/27JEZKNNZAI3E8Q
723,https://digital.library.wisc.edu/1711.dl/EVSHGK5AAAKZE9A
724,https://digital.library.wisc.edu/1711.dl/DLUX67J4AI6V68C
725,https://digital.library.wisc.edu/1711.dl/HVVQI7BP5EBM284
726,https://digital.library.wisc.edu/1711.dl/UDQWONNNZQ5BM8I
727,https://digital.library.wisc.edu/1711.dl/CR6TVDVLLCBA78U
728,https://digital.library.wisc.edu/1711.dl/ZPJA3QUVPIMSW83
729,https://digital.library.wisc.edu/1711.dl/ETGUZBZGXFEQQ8L
730,https://digital.library.wisc.edu/1711.dl/TPAPRBKOXE5XY8T
731,https://digital.library.wisc.edu/1711.dl/3KHRDKIB6IRBE8Z
732,https://digital.library.wisc.edu/1711.dl/FVEO6HQXI6GFX87
733,https://digital.library.wisc.edu/1711.dl/ZEGJH6A35F7QZ8W
734,https://digital.library.wisc.edu/1711.dl/UPXQZUJWR2ERV8K
735,https://digital.library.wisc.edu/1711.dl/F2K22LBNNHTJV8R
736,https://digital.library.wisc.edu/1711.dl/BS4FGXISB2DBN86
737,https://digital.library.wisc.edu/1711.dl/TES4FKDHQNW7A8W
738,https://digital.library.wisc.edu/1711.dl/H25A5Y2VULMXB8Q
739,https://digital.library.wisc.edu/1711.dl/4SISAYUE3L4V68D
740,https://digital.library.wisc.edu/1711.dl/TXGHNX5PJSJIZ8M
741,https://digital.library.wisc.edu/1711.dl/RGAIUBPJGX2DX84
742,https://digital.library.wisc.edu/1711.dl/TXDEOQBNE34C48A
743,https://digital.library.wisc.edu/1711.dl/EDMYPHLL2ISLG9E
744,https://digital.library.wisc.edu/1711.dl/PZG4M2FUVUSKK8A
745,https://digital.library.wisc.edu/1711.dl/ZLRRB2JG2IYI49B
748,https://digital.library.wisc.edu/1711.dl/WS6YK4HOSF5BY9D
749,https://digital.library.wisc.edu/1711.dl/NEXFRMEY6CWF682
750,https://digital.library.wisc.edu/1711.dl/O7FJ73EPNEREY8B
751,https://digital.library.wisc.edu/1711.dl/23CJF3SDJUTRN83
752,https://digital.library.wisc.edu/1711.dl/RGQ5OGACHWJQB8O
753,https://digital.library.wisc.edu/1711.dl/BSCOKX5LAJZBU87
754,https://digital.library.wisc.edu/1711.dl/PZC3Z7FHSFLWI8Y
755,https://digital.library.wisc.edu/1711.dl/FZ42EILZE32T28H
756,https://digital.library.wisc.edu/1711.dl/M5OJ6HIMYMM2Y86
757,https://digital.library.wisc.edu/1711.dl/PQTSHFHAQ2XEC8W
758,https://digital.library.wisc.edu/1711.dl/YATK52M3ZYOBR8U
759,https://digital.library.wisc.edu/1711.dl/QCQJ3N47CWKP29E
760,https://digital.library.wisc.edu/1711.dl/MD2X5J4FAOFZC9C
761,https://digital.library.wisc.edu/1711.dl/VWF27VNFTX2XQ84
762,https://digital.library.wisc.edu/1711.dl/6Q5TDEUQDM7D68D
763,https://digital.library.wisc.edu/1711.dl/IIAE3MD34XOBJ84
764,https://digital.library.wisc.edu/1711.dl/T7LQYWPNM677A8V
765,https://digital.library.wisc.edu/1711.dl/AT2D2GRBRV2H78D
766,https://digital.library.wisc.edu/1711.dl/WLLHC7JWAQPON8S
767,https://digital.library.wisc.edu/1711.dl/HLPYVF3OYZPFG8G
768,https://digital.library.wisc.edu/1711.dl/7OYXRKKHAVLU38K
769,https://digital.library.wisc.edu/1711.dl/B4U3V4JKDUPXQ8A
770,https://digital.library.wisc.edu/1711.dl/FODG5HV47GGJ68K
771,https://digital.library.wisc.edu/1711.dl/NPV2JZSCWT75Y8M
772,https://digital.library.wisc.edu/1711.dl/II7RGIQQKXVWD8Z
773,https://digital.library.wisc.edu/1711.dl/C3Q7MW6WS4ELB87
774,https://digital.library.wisc.edu/1711.dl/LGAXGF6U6TBGO8M
775,https://digital.library.wisc.edu/1711.dl/HKKFMW3PPP2MF82
776,https://digital.library.wisc.edu/1711.dl/T3O6N6Q7YRPBZ82
777,https://digital.library.wisc.edu/1711.dl/XLV2RM4DKJNQ58B
778,https://digital.library.wisc.edu/1711.dl/RMA2WYVBYTCHX9B
779,https://digital.library.wisc.edu/1711.dl/MSM42QZMVTMOV8R
780,https://digital.library.wisc.edu/1711.dl/ZGRUXCCKAG74K9D
781,https://digital.library.wisc.edu/1711.dl/G6YCWUQRODHZN87
782,https://digital.library.wisc.edu/1711.dl/ZCTD3OFUANV2X8E
783,https://digital.library.wisc.edu/1711.dl/DURAAIKWML4EP8K
784,https://digital.library.wisc.edu/1711.dl/Y5DURBHRDJJOO8O
5216,https://digital.library.wisc.edu/1711.dl/UBVMETGKLDD5S8X
5217,https://digital.library.wisc.edu/1711.dl/ZQTTKL6DK2HOC8O
5218,https://digital.library.wisc.edu/1711.dl/WVJKYYEYLNZER8T
5219,https://digital.library.wisc.edu/1711.dl/5YVRU5NMM6ZXZ85
5220,https://digital.library.wisc.edu/1711.dl/T2EG26BQP67RJ8V
5221,https://digital.library.wisc.edu/1711.dl/RPCYGDOVD6VBJ8D
5222,https://digital.library.wisc.edu/1711.dl/KT455PNZINSPH8C
5223,https://digital.library.wisc.edu/1711.dl/PBMT6M4KYJ5C78O
5224,https://digital.library.wisc.edu/1711.dl/IQHSUNAJSFW3R8N
5225,https://digital.library.wisc.edu/1711.dl/YBNH675PH7H4W8L
5226,https://digital.library.wisc.edu/1711.dl/G4GDMBA2GZOZM8W
5301,https://digital.library.wisc.edu/1711.dl/VYGDGK3OXLPQA8R
5302,https://digital.library.wisc.edu/1711.dl/GMK6FHWXYJSMK87
5303,https://digital.library.wisc.edu/1711.dl/NAIKFPICXEDW38M
5304,https://digital.library.wisc.edu/1711.dl/ZIVM4IBFOJ4IH8Z
5305,https://digital.library.wisc.edu/1711.dl/6MO4J4OZLNNY686
5306,https://digital.library.wisc.edu/1711.dl/LB53IOCGZH3XP8O
5307,https://digital.library.wisc.edu/1711.dl/Y6QJFHECN7XEQ87
5308,https://digital.library.wisc.edu/1711.dl/BBFF4M22D6HON8M
5309,https://digital.library.wisc.edu/1711.dl/QKOVDNV3VAL268C
5310,https://digital.library.wisc.edu/1711.dl/ZD6LDSW2SYMAG8E
5311,https://digital.library.wisc.edu/1711.dl/FUKELYRK52U7R8K
5312,https://digital.library.wisc.edu/1711.dl/GOOUA737TKH3S8U
5313,https://digital.library.wisc.edu/1711.dl/3UFKS72YEN5SA86
5314,https://digital.library.wisc.edu/1711.dl/7VYT7RUE3UUOX8E
5315,https://digital.library.wisc.edu/1711.dl/RYXNMLJT2NRW28P
5316,https://digital.library.wisc.edu/1711.dl/CTFK5GCNXNBJT8Y
5317,https://digital.library.wisc.edu/1711.dl/XN3D7DHEAFEII8Y
5318,https://digital.library.wisc.edu/1711.dl/AQB2MKQVNGOAT8H
5319,https://digital.library.wisc.edu/1711.dl/ZXXPEAM3TOYIB8U
5320,https://digital.library.wisc.edu/1711.dl/3VEGSQIUWIFE28F
5321,https://digital.library.wisc.edu/1711.dl/OHA2MGLUMXJE68I
5322,https://digital.library.wisc.edu/1711.dl/SOTNKEDSNKMVP8G
5323,https://digital.library.wisc.edu/1711.dl/BZHQO7FRZNSJR8C
84101,https://digital.library.wisc.edu/1711.dl/RRSVDYYCEM2VP8P
84102,https://digital.library.wisc.edu/1711.dl/V7WLSZG4LBGDD8Y
84103,https://digital.library.wisc.edu/1711.dl/HCAHHSN2MZHEJ8I
84104,https://digital.library.wisc.edu/1711.dl/USDMQY46B64AA8V
84105,https://digital.library.wisc.edu/1711.dl/HCIDEA3XAFQLA8V
84106,https://digital.library.wisc.edu/1711.dl/XU425CUBRES3J8T
84107,https://digital.library.wisc.edu/1711.dl/SEAUYUBCYF2KX8I
84108,https://digital.library.wisc.edu/1711.dl/FDGNZJNHSYTOM8K
84109,https://digital.library.wisc.edu/1711.dl/YAC3VQLRMMDPQ8R
84110,https://digital.library.wisc.edu/1711.dl/HMEIKQVE6EN5O8O
84111,https://digital.library.wisc.edu/1711.dl/WY5D56YNMXD6B86
84112,https://digital.library.wisc.edu/1711.dl/LEHBSKDKCY4CY8N
84113,https://digital.library.wisc.edu/1711.dl/NB4UYCFA34GOR85
84114,https://digital.library.wisc.edu/1711.dl/J7ICHH2Y4MBGQ9B
84115,https://digital.library.wisc.edu/1711.dl/GHSSBP5BPLRYE8D
84116,https://digital.library.wisc.edu/1711.dl/FWEVCI523Z27V8D
84117,https://digital.library.wisc.edu/1711.dl/TWWNLEGAGIU3A8S
84118,https://digital.library.wisc.edu/1711.dl/5R6OXS4HZC4QJ85
84119,https://digital.library.wisc.edu/1711.dl/GDF5U77JWJJL78M
84120,https://digital.library.wisc.edu/1711.dl/I2DVXTXC6NZZR8Q
84201,https://digital.library.wisc.edu/1711.dl/6RRGLSSTXZ6H28N
84202,https://digital.library.wisc.edu/1711.dl/7V6PYQLNMGUK68B
84203,https://digital.library.wisc.edu/1711.dl/ZNEY6WWJXJ4HK8G
84204,https://digital.library.wisc.edu/1711.dl/CLEEY7XR5BUML83
84205,https://digital.library.wisc.edu/1711.dl/NKRB6EUYKI6228F
84206,https://digital.library.wisc.edu/1711.dl/JAXGIRW4DXQSZ8F
84207,https://digital.library.wisc.edu/1711.dl/J65PGO6YYN2HA8F
84208,https://digital.library.wisc.edu/1711.dl/3PXS2VXSS4D378A
84209,https://digital.library.wisc.edu/1711.dl/ENO63UWWOA3ED85
84210,https://digital.library.wisc.edu/1711.dl/HXJYWGY4POEY38H
84211,https://digital.library.wisc.edu/1711.dl/QXVB2VJPZPTTC8A
84212,https://digital.library.wisc.edu/1711.dl/E7GLLMJ6HNXCA85
84213,https://digital.library.wisc.edu/1711.dl/2JTQ6VKDD7UMZ8H
84214,https://digital.library.wisc.edu/1711.dl/WUQJ6J7RKF24X8Z
84215,https://digital.library.wisc.edu/1711.dl/CYYQHQXXMWOU48J
84216,https://digital.library.wisc.edu/1711.dl/5OX7UI5DSQT7X8O
84217,https://digital.library.wisc.edu/1711.dl/QMW7HTN4YAAAE8A
84218,https://digital.library.wisc.edu/1711.dl/ZWQQERDLFBIDQ8W
WHS06512,https://digital.library.wisc.edu/1711.dl/MYJFC3DACSLSQ8H
WHS06513,https://digital.library.wisc.edu/1711.dl/XVUZUKQ5B7QTO8G
WHS25174,https://digital.library.wisc.edu/1711.dl/BIKVQNZXOWQIO8F
WHS25175,https://digital.library.wisc.edu/1711.dl/CN4KDJGYHJOJ78P
WHS25176,https://digital.library.wisc.edu/1711.dl/LT5WYUOQ56SXY8C
WHS25177,https://digital.library.wisc.edu/1711.dl/CJELY4KXIDOR49E
WHS25178,https://digital.library.wisc.edu/1711.dl/MYJ24QZDPIELR8R
WHS25179,https://digital.library.wisc.edu/1711.dl/OGMNNSHAYAHVC8T
WHS25181,https://digital.library.wisc.edu/1711.dl/UOWPGZN4YZWGC9A
WHS25182,https://digital.library.wisc.edu/1711.dl/3XYSNWS545ASE84
WHS25183,https://digital.library.wisc.edu/1711.dl/CXAH5DUTRP6VH83
WHS25184,https://digital.library.wisc.edu/1711.dl/SBD5PWTNZ6WRS8S
WHS25185,https://digital.library.wisc.edu/1711.dl/I6L2H42DRRBDD8Y
WHS25186,https://digital.library.wisc.edu/1711.dl/B4L6D3S7ORVEO8B
WHS25187,https://digital.library.wisc.edu/1711.dl/TYREATWKYZFM58H
WHS25188,https://digital.library.wisc.edu/1711.dl/2YK26ZWBSU6Z68R
WHS25189,https://digital.library.wisc.edu/1711.dl/CDQWTXDYQ4BCE84
WHS25191,https://digital.library.wisc.edu/1711.dl/DPJ4NTAUY2V5N9B
WHS25193,https://digital.library.wisc.edu/1711.dl/V4T2CAKKTS4RE8S
WHS25194,https://digital.library.wisc.edu/1711.dl/VP2ONXEJTR7MK8B
WHS25195,https://digital.library.wisc.edu/1711.dl/5PH53KMBLAMI38O
WHS25196,https://digital.library.wisc.edu/1711.dl/4WERHD3E5FYWP8R
WHS25197,https://digital.library.wisc.edu/1711.dl/USMCELC4JZOMK9E
WHS25198,https://digital.library.wisc.edu/1711.dl/7OZB7CJ6BPADV8D
WHS25200,https://digital.library.wisc.edu/1711.dl/PKJNEZ7WVKLAG8S
WHS25201,https://digital.library.wisc.edu/1711.dl/L3OSWQIPX3Q7D9C
WHS25203,https://digital.library.wisc.edu/1711.dl/PHLITJMEL2NMW9B
WHS25204,https://digital.library.wisc.edu/1711.dl/H4Z6N4H7VNJIK82
WHS25206,https://digital.library.wisc.edu/1711.dl/7FGKXK24PIBRW83
WHS25207,https://digital.library.wisc.edu/1711.dl/2QHHYXMKKLDMX8V
WHS25208,https://digital.library.wisc.edu/1711.dl/NACR7NAJ5XVTJ8Q
WHS25209,https://digital.library.wisc.edu/1711.dl/HG667QSB2JPQU8B
WHS25253,https://digital.library.wisc.edu/1711.dl/V7TZI4QANU5NY9E
WHS25258,https://digital.library.wisc.edu/1711.dl/JOH6BUFEO4TTH8J
WHS25293,https://digital.library.wisc.edu/1711.dl/3G7JYAAP3THZM8F
WHS25294,https://digital.library.wisc.edu/1711.dl/7IBVZAJLO5C5T8A
WHS25295,https://digital.library.wisc.edu/1711.dl/GXSLQIKI3T6G287
WHS25296,https://digital.library.wisc.edu/1711.dl/EG5TFCSSK66OH8W
WHS25297,https://digital.library.wisc.edu/1711.dl/5YQGEGHI6CRLQ8Z
WHS25298,https://digital.library.wisc.edu/1711.dl/VKMT5JJQQVPY58Z
WHS25299,https://digital.library.wisc.edu/1711.dl/FWTVJAPERCS6X9B
WHS25300,https://digital.library.wisc.edu/1711.dl/7GTAA6PVMQ42T8X
WHS25301,https://digital.library.wisc.edu/1711.dl/RQGKWMWCDS33M8A
WHS25302,https://digital.library.wisc.edu/1711.dl/4HNGEWOLXIY2J8R
WHS25303,https://digital.library.wisc.edu/1711.dl/B4DPAIGTUBLEF8P
WHS25304,https://digital.library.wisc.edu/1711.dl/AMEZQTT3SD62L84
WHS25305,https://digital.library.wisc.edu/1711.dl/4EZ4KVLWAVYMG8Q
WHS25376,https://digital.library.wisc.edu/1711.dl/6C6AAE5S3ZUTS8F
WHS25377,https://digital.library.wisc.edu/1711.dl/UQGAXCKNIC2OS8E
WHS25378,https://digital.library.wisc.edu/1711.dl/APOEBBDWI3VHY8H
WHS25380,https://digital.library.wisc.edu/1711.dl/AH6LVYHORLQIJ82
WHS25381,https://digital.library.wisc.edu/1711.dl/Z3MUS4ZGCWUXT85
WHS25383,https://digital.library.wisc.edu/1711.dl/AEBQYQUQ2WDPD8H
WHS25385,https://digital.library.wisc.edu/1711.dl/CXPYWFMR27BOU8P
WHS25386,https://digital.library.wisc.edu/1711.dl/FHT5ITOMRUXWY8U
WHS25387,https://digital.library.wisc.edu/1711.dl/EYEDDUCSZPNVL8Y
WHS25389,https://digital.library.wisc.edu/1711.dl/BZZMPTA7JBSE586
WHS25390,https://digital.library.wisc.edu/1711.dl/UOMLFH2OFGV6I87
WHS25392,https://digital.library.wisc.edu/1711.dl/MWUBNMZ67V5228V
WHS25394,https://digital.library.wisc.edu/1711.dl/LQ5I2O6KKC6RA8P
WHS25395,https://digital.library.wisc.edu/1711.dl/AECZJZHAMHBK79C
WHS25396,https://digital.library.wisc.edu/1711.dl/EENLZOCMML3OU8Z
WHS25398,https://digital.library.wisc.edu/1711.dl/BCTS4RVW75LT78W
WHS25399,https://digital.library.wisc.edu/1711.dl/DD3TMSJALDITQ8O
WHS25401,https://digital.library.wisc.edu/1711.dl/7EO5PEE3S2N2V8Z
WHS25403,https://digital.library.wisc.edu/1711.dl/WO35B75KFP6PY9E
WHS25404,https://digital.library.wisc.edu/1711.dl/WYYLHRH6EYGGH8H
WHS25405,https://digital.library.wisc.edu/1711.dl/HGNRKLS54TQRP82
WHS25406,https://digital.library.wisc.edu/1711.dl/CRUC3QGDDYSYQ86
WHS25407,https://digital.library.wisc.edu/1711.dl/R7VG5SHSDGZKZ8N
WHS25408,https://digital.library.wisc.edu/1711.dl/DFBREPNTAW4JA8A
WHS25409,https://digital.library.wisc.edu/1711.dl/NBRJGIWFXJYQ68A
WHS25410,https://digital.library.wisc.edu/1711.dl/4LWHTJPRR4HZ386
WHS25411,https://digital.library.wisc.edu/1711.dl/R5LOLBIU5MEUW8X
WHS25412,https://digital.library.wisc.edu/1711.dl/PEV3HBES53QZE8X
WHS25413,https://digital.library.wisc.edu/1711.dl/DQSYTVKYTNAOB8D
WHS25414,https://digital.library.wisc.edu/1711.dl/CEANVU5GWADTD8A
WHS25415,https://digital.library.wisc.edu/1711.dl/WDS5CKHWUFRON82
WHS25416,https://digital.library.wisc.edu/1711.dl/JZRLG7H7BF2CR9E
WHS25417,https://digital.library.wisc.edu/1711.dl/P27PZ3E6RBW2X8P
WHS25418,https://digital.library.wisc.edu/1711.dl/NW4COC25T32WX8L
WHS25419,https://digital.library.wisc.edu/1711.dl/LXUBVIYIBII5G9E
WHS25420,https://digital.library.wisc.edu/1711.dl/YITVFQ7UGC27M8N
